1,Isaac,Tai,isaac@gmail.com,338450387
2,Jason,woo,jason@gmail.com,397838-48483
3,kora,simti,kora@gmail.com,497-3883
4,kora,hoi,kora@gmail.com,33-4880-849
5,jim,mm,jim@gmail.com,111111111
6,kaven,nnn,kaven@gmail.com,22222222
7,Ian,iiiii,Ian@gmail.com,3333333
8,Lucas,llllllll,Lucas@gmail.com,4444444
9,Judy,jjjjjj,judy@gmail.com,55555555
